,,,,,,
,Url,Anchor Text,External,,,
,https://www.justanswer.com/,JustAnswer,FALSE,,,
,https://www.justanswer.com/real-estate-law/,Real Estate Law,FALSE,,,
,https://www.justanswer.com/real-estate-law-topics-new-york-law/,New York Law,FALSE,,,
,https://www.justanswer.com/#QuestionBox,Ask A Question,FALSE,,,
,https://www.justanswer.com/account/register.aspx,Register,FALSE,,,
,https://www.justanswer.com/login.aspx,Login,FALSE,,,
,http://ww2.justanswer.com/help,Contact Us,TRUE,,,
,https://www.justanswer.com/real-estate-law/n9m6g-believe-need-real-estate-attorney-live.html,I believe I need a real estate attorney. I live in a,FALSE,,,
,https://www.justanswer.com/real-estate-law/m57rd-currently-living-mother-s-home-sold.html,"I currently am living in my mother's home, which was sold at",FALSE,,,
,https://www.justanswer.com/real-estate-law/lwkqd-seller-refuse-deal-offer-based-marital-status.html,Can a seller refuse a deal or offer based on marital status?,FALSE,,,
,https://www.justanswer.com/real-estate-law/lwaon-neighbor-intend-put-fence-property-line.html,My neighbor intend to put a fence on his property line which,FALSE,,,
,https://www.justanswer.com/real-estate-law/lgzou-recourse-someone-not-given-notice.html,Is there recourse for someone who was not given notice that,FALSE,,,
,https://www.justanswer.com/real-estate-law/j5ihh-medical-records-access-power-attorney.html,Medical Records. Access. Power of Attorney.,FALSE,,,
,https://www.justanswer.com/real-estate-law/i4e09-hope-well-question-short-term-rental.html,Hope all is well. I have a question about short term rental,FALSE,,,
,https://www.justanswer.com/real-estate-law/hxtrd-new-york-landlords-cannot-commingle-security-deposit.html,"In New York, landlords cannot commingle security deposit",FALSE,,,
,https://www.justanswer.com/real-estate-law/h8m5v-asked-good-faith-deposit-apartment.html,I was asked for a good faith deposit to take an apartment,FALSE,,,
,https://www.justanswer.com/real-estate-law/h6b2s-declined-apartment-lease-application-nyc.html,I got declined for an apartment lease application in NYC,FALSE,,,
,https://www.justanswer.com/real-estate-law/guu7r-pool-yard-40-years.html,I have pool in my yard that has been there for 40 years.,FALSE,,,
,https://www.justanswer.com/real-estate-law/gh80y-rent-13-years-management-companies-last.html,"I rent for 13 years from 3 management companies, the last 4",FALSE,,,
,https://www.justanswer.com/real-estate-law/g3g8i-need-legal-advice-need-lawyer-versed.html,I am in need of legal advice. I need a lawyer who is versed,FALSE,,,
,https://www.justanswer.com/real-estate-law/fu4dc-legal-hoa-charge-late-fees-top-late.html,Is it legal for an HOA to charge late fees on TOP of late,FALSE,,,
,https://www.justanswer.com/real-estate-law/fptzc-secretary-coop-having-problems.html,I am the secretary at my coop. We are having some problems,FALSE,,,
,https://www.justanswer.com/real-estate-law/fkeqi-live-staten-island-robbed-so-installed-ring.html,I live in Staten Island I was robbed so I installed Ring,FALSE,,,
,https://www.justanswer.com/real-estate-law/f3k48-tenant-wants-early-terminate-lease.html,My tenant wants to early terminate the lease to which I have,FALSE,,,
,https://www.justanswer.com/real-estate-law/eu4eq-bitter-ex-boyfriend-threatening-put.html,I have a bitter ex boyfriend who is threatening to put a,FALSE,,,
,https://www.justanswer.com/real-estate-law/ekef0-ny-eviction-notice-requirements.html,"In NY, what are the eviction notice requirements for a",FALSE,,,
,https://www.justanswer.com/real-estate-law/cojj4-coop-manhattan-joint-tenancy.html,"I have a coop in Manhattan, and it is joint tenancy, with",FALSE,,,
,https://www.justanswer.com/real-estate-law/cdyl6-board-trustees-condo-considering.html,The Board of Trustees of my condo is considering an,FALSE,,,
,https://www.justanswer.com/real-estate-law/c8b0p-dispute-fight-mechanic-s-lien-house-myself.html,How do I dispute/fight a mechanic's lien on my house myself,FALSE,,,
,https://www.justanswer.com/real-estate-law/c705r-condo-montauk-board-keeps-trying.html,I have a Condo in Montauk and the Board keeps trying to,FALSE,,,
,https://www.justanswer.com/real-estate-law/btpfs-relative-claim-article-new-york-state.html,Can a relative claim article 5 in New York state?,FALSE,,,
,https://www.justanswer.com/real-estate-law/bt3af-landord-served-court-papers-stating-rent-arrears.html,My landord served court papers stating i was in rent arrears,FALSE,,,
,https://www.justanswer.com/real-estate-law/bsolv-live-private-road-town-brownville-n-y.html,We live on a private road in the town of Brownville N.Y. and,FALSE,,,
,https://www.justanswer.com/real-estate-law/bniwe-own-ccop-tenant-no-current.html,We own a ccop. There is a tenant there who has no current,FALSE,,,
,https://www.justanswer.com/real-estate-law/bjgse-legal-right-board-directors-classify-guests.html,Legal right of Board of Directors to classify guests of,FALSE,,,
,https://www.justanswer.com/real-estate-law/bf1np-problem-tenants-living.html,Second opinion] I have a problem with the tenants that are,FALSE,,,
,https://www.justanswer.com/real-estate-law/beibs-purchased-home-little-month-ago.html,We purchased a home a little over a month ago. After some,FALSE,,,
,https://www.justanswer.com/real-estate-law/bed1i-received-letter-bank-stating-state.html,I received a letter from my bank stating that the state of,FALSE,,,
,https://www.justanswer.com/real-estate-law/ba445-trying-break-nyc-lease-due-excessive.html,I am trying to break a nyc lease due to excessive,FALSE,,,
,https://www.justanswer.com/real-estate-law/b51qa-husband-rented-apartment-queens-ny.html,"My husband and I had rented an apartment in Queens, NY",FALSE,,,
,https://www.justanswer.com/real-estate-law/az0yf-purchasing-condo-apartment-nyc-december.html,After purchasing our condo apartment in NYC in December,FALSE,,,
,https://www.justanswer.com/real-estate-law/aytev-talk-yesterday-village-don-t.html,You talk to me yesterday the village said they don’t have,FALSE,,,
,https://www.justanswer.com/real-estate-law/ayoon-responsible-storm-sewer-repair-storm.html,Who is responsible for storm sewer repair I have a storm,FALSE,,,
,https://www.justanswer.com/real-estate-law/auqe7-live-coop-board-vote-issue.html,I LIVE IN A COOP AN THE BOARD HAD A VOTE ON AN ISSUE AN THE,FALSE,,,
,https://www.justanswer.com/real-estate-law/as6tj-new-york-state-property-management-companies-charge.html,"In New York state, can property management companies charge",FALSE,,,
,https://www.justanswer.com/real-estate-law/apqd0-anyone-familiar-new-york-law-does.html,Anyone familiar with New York law? What does it take to get,FALSE,,,
,https://www.justanswer.com/real-estate-law/acrz7-own-condo-staten-island-new-york-neighbor.html,"I own a condo in Staten Island, New York and my neighbor has",FALSE,,,
,https://www.justanswer.com/real-estate-law/abmga-pearl-asked-question-day-didn-t-want.html,"Pearl, I asked a question the other day, but didn't want to",FALSE,,,
,https://www.justanswer.com/real-estate-law/a8h89-i-ve-living-walk-apt-last-yrs.html,I've been living in an walk out apt ( for the last 8 yrs,FALSE,,,
,https://www.justanswer.com/real-estate-law/9yv6f-tenant-responsible-payments-move.html,Is a tenant responsible for payments if they move out before,FALSE,,,
,https://www.justanswer.com/real-estate-law/9xkva-planning-buy-property-upstate-ny-real-estate.html,I am planning to buy a property in upstate NY. Real estate,FALSE,,,
,https://www.justanswer.com/real-estate-law/9wac1-owner-development-project-offers-solely.html,I am an owner of a development project which offers solely,FALSE,,,
,https://www.justanswer.com/real-estate-law/9w1i8-72-hour-eviction-notice-served-minor.html,Can a 72 hour eviction notice be served on a minor in the,FALSE,,,
,https://www.justanswer.com/real-estate-law/9vgph-i-m-trying-buy-condo-balance-sheet-shows-total.html,I'm trying to buy a condo. The balance sheet shows total,FALSE,,,
,https://www.justanswer.com/real-estate-law/9ui1p-wife-just-pasted-away-no-will-own-house.html,"My wife just pasted away. She had no will. We own a house,",FALSE,,,
,https://www.justanswer.com/real-estate-law/9r4ms-sold-two-adjoining-pieces-properties-two-sons.html,I sold two adjoining pieces of properties to two of my sons,FALSE,,,
,https://www.justanswer.com/real-estate-law/9qb8s-process-purchasing-home.html,I am in the process of purchasing a home. I would like to,FALSE,,,
,https://www.justanswer.com/real-estate-law-topics-new-york-law/questions.html?page=2,Next >>,FALSE,,,
,https://www.justanswer.com/real-estate-law-topics-new-york-law/2023-03-questions.html,Mar,FALSE,,,
,https://www.justanswer.com/real-estate-law-topics-new-york-law/2023-05-questions.html,May,FALSE,,,
,https://www.justanswer.com/real-estate-law-topics-new-york-law/2023-06-questions.html,Jun,FALSE,,,
,https://www.justanswer.com/real-estate-law-topics-new-york-law/2023-10-questions.html,Oct,FALSE,,,
,https://www.justanswer.com/real-estate-law-topics-new-york-law/2022-04-questions.html,Apr,FALSE,,,
,https://www.justanswer.com/real-estate-law-topics-new-york-law/2021-01-questions.html,Jan,FALSE,,,
,https://www.justanswer.com/real-estate-law-topics-new-york-law/2021-02-questions.html,Feb,FALSE,,,
,https://www.justanswer.com/real-estate-law-topics-new-york-law/2021-04-questions.html,Apr,FALSE,,,
,https://www.justanswer.com/real-estate-law-topics-new-york-law/2021-05-questions.html,May,FALSE,,,
,https://www.justanswer.com/real-estate-law-topics-new-york-law/2021-07-questions.html,Jul,FALSE,,,
,https://www.justanswer.com/real-estate-law-topics-new-york-law/2021-10-questions.html,Oct,FALSE,,,
,https://www.justanswer.com/real-estate-law-topics-new-york-law/2021-11-questions.html,Nov,FALSE,,,
,https://www.justanswer.com/real-estate-law-topics-new-york-law/2020-07-questions.html,Jul,FALSE,,,
,https://www.justanswer.com/real-estate-law-topics-new-york-law/2020-08-questions.html,Aug,FALSE,,,
,https://www.justanswer.com/real-estate-law-topics-new-york-law/2020-09-questions.html,Sep,FALSE,,,
,https://www.justanswer.com/real-estate-law-topics-new-york-law/2020-11-questions.html,Nov,FALSE,,,
,https://www.justanswer.com/real-estate-law-topics-new-york-law/2020-12-questions.html,Dec,FALSE,,,
,https://www.justanswer.com/real-estate-law-topics-new-york-law/2019-03-questions.html,Mar,FALSE,,,
,https://www.justanswer.com/real-estate-law-topics-new-york-law/2019-04-questions.html,Apr,FALSE,,,
,https://www.justanswer.com/real-estate-law-topics-new-york-law/2019-05-questions.html,May,FALSE,,,
,https://www.justanswer.com/real-estate-law-topics-new-york-law/2019-07-questions.html,Jul,FALSE,,,
,https://www.justanswer.com/real-estate-law-topics-new-york-law/2018-01-questions.html,Jan,FALSE,,,
,https://www.justanswer.com/real-estate-law-topics-new-york-law/2018-04-questions.html,Apr,FALSE,,,
,https://www.justanswer.com/real-estate-law-topics-new-york-law/2018-05-questions.html,May,FALSE,,,
,https://www.justanswer.com/real-estate-law-topics-new-york-law/2018-07-questions.html,Jul,FALSE,,,
,https://www.justanswer.com/real-estate-law-topics-new-york-law/2018-09-questions.html,Sep,FALSE,,,
,https://www.justanswer.com/real-estate-law-topics-new-york-law/2018-10-questions.html,Oct,FALSE,,,
,https://www.justanswer.com/real-estate-law-topics-new-york-law/2018-11-questions.html,Nov,FALSE,,,
,https://www.justanswer.com/real-estate-law-topics-new-york-law/2018-12-questions.html,Dec,FALSE,,,
,https://www.justanswer.com/real-estate-law-topics-new-york-law/2017-02-questions.html,Feb,FALSE,,,
,https://www.justanswer.com/real-estate-law-topics-new-york-law/2017-03-questions.html,Mar,FALSE,,,
,https://www.justanswer.com/real-estate-law-topics-new-york-law/2017-04-questions.html,Apr,FALSE,,,
,https://www.justanswer.com/real-estate-law-topics-new-york-law/2017-10-questions.html,Oct,FALSE,,,
,https://www.justanswer.com/real-estate-law-topics-new-york-law/2017-11-questions.html,Nov,FALSE,,,
,https://www.justanswer.com/real-estate-law-topics-new-york-law/2017-12-questions.html,Dec,FALSE,,,
,https://www.justanswer.com/real-estate-law-topics-new-york-law/2016-01-questions.html,Jan,FALSE,,,
,https://www.justanswer.com/real-estate-law-topics-new-york-law/2016-03-questions.html,Mar,FALSE,,,
,https://www.justanswer.com/real-estate-law-topics-new-york-law/2016-04-questions.html,Apr,FALSE,,,
,https://www.justanswer.com/real-estate-law-topics-new-york-law/2016-05-questions.html,May,FALSE,,,
,https://www.justanswer.com/real-estate-law-topics-new-york-law/2016-06-questions.html,Jun,FALSE,,,
,https://www.justanswer.com/real-estate-law-topics-new-york-law/2016-07-questions.html,Jul,FALSE,,,
,https://www.justanswer.com/real-estate-law-topics-new-york-law/2016-08-questions.html,Aug,FALSE,,,
,https://www.justanswer.com/real-estate-law-topics-new-york-law/2016-09-questions.html,Sep,FALSE,,,
,https://www.justanswer.com/real-estate-law-topics-new-york-law/2016-10-questions.html,Oct,FALSE,,,
,https://www.justanswer.com/real-estate-law-topics-new-york-law/2015-01-questions.html,Jan,FALSE,,,
,https://www.justanswer.com/real-estate-law-topics-new-york-law/2015-02-questions.html,Feb,FALSE,,,
,https://www.justanswer.com/real-estate-law-topics-new-york-law/2015-03-questions.html,Mar,FALSE,,,
,https://www.justanswer.com/real-estate-law-topics-new-york-law/2015-04-questions.html,Apr,FALSE,,,
,https://www.justanswer.com/real-estate-law-topics-new-york-law/2015-05-questions.html,May,FALSE,,,
,https://www.justanswer.com/real-estate-law-topics-new-york-law/2015-06-questions.html,Jun,FALSE,,,
,https://www.justanswer.com/real-estate-law-topics-new-york-law/2015-07-questions.html,Jul,FALSE,,,
,https://www.justanswer.com/real-estate-law-topics-new-york-law/2015-08-questions.html,Aug,FALSE,,,
,https://www.justanswer.com/real-estate-law-topics-new-york-law/2015-12-questions.html,Dec,FALSE,,,
,https://www.justanswer.com/real-estate-law-topics-new-york-law/2014-01-questions.html,Jan,FALSE,,,
,https://www.justanswer.com/real-estate-law-topics-new-york-law/2014-03-questions.html,Mar,FALSE,,,
,https://www.justanswer.com/real-estate-law-topics-new-york-law/2014-10-questions.html,Oct,FALSE,,,
,https://www.justanswer.com/real-estate-law-topics-new-york-law/2014-11-questions.html,Nov,FALSE,,,
,https://www.justanswer.com/real-estate-law-topics-new-york-law/2014-12-questions.html,Dec,FALSE,,,
,https://www.justanswer.com/real-estate-law-topics-new-york-law/2013-03-questions.html,Mar,FALSE,,,
,https://www.justanswer.com/real-estate-law-topics-new-york-law/2013-07-questions.html,Jul,FALSE,,,
,https://www.justanswer.com/real-estate-law-topics-new-york-law/2013-09-questions.html,Sep,FALSE,,,
,https://www.justanswer.com/real-estate-law-topics-new-york-law/2013-10-questions.html,Oct,FALSE,,,
,https://www.justanswer.com/real-estate-law-topics-new-york-law/2012-01-questions.html,Jan,FALSE,,,
,https://www.justanswer.com/real-estate-law-topics-new-york-law/2012-02-questions.html,Feb,FALSE,,,
,https://www.justanswer.com/real-estate-law-topics-new-york-law/2012-03-questions.html,Mar,FALSE,,,
,https://www.justanswer.com/real-estate-law-topics-new-york-law/2012-05-questions.html,May,FALSE,,,
,https://www.justanswer.com/real-estate-law-topics-new-york-law/2012-09-questions.html,Sep,FALSE,,,
,https://www.justanswer.com/real-estate-law-topics-new-york-law/2012-10-questions.html,Oct,FALSE,,,
,https://www.justanswer.com/real-estate-law-topics-new-york-law/2011-01-questions.html,Jan,FALSE,,,
,https://www.justanswer.com/real-estate-law-topics-new-york-law/2011-02-questions.html,Feb,FALSE,,,
,https://www.justanswer.com/real-estate-law-topics-new-york-law/2011-03-questions.html,Mar,FALSE,,,
,https://www.justanswer.com/real-estate-law-topics-new-york-law/2011-07-questions.html,Jul,FALSE,,,
,https://www.justanswer.com/real-estate-law-topics-new-york-law/2011-10-questions.html,Oct,FALSE,,,
,https://www.justanswer.com/real-estate-law-topics-new-york-law/2011-11-questions.html,Nov,FALSE,,,
,https://www.justanswer.com/real-estate-law-topics-new-york-law/2010-01-questions.html,Jan,FALSE,,,
,https://www.justanswer.com/real-estate-law-topics-new-york-law/2010-02-questions.html,Feb,FALSE,,,
,https://www.justanswer.com/real-estate-law-topics-new-york-law/2010-03-questions.html,Mar,FALSE,,,
,https://www.justanswer.com/real-estate-law-topics-new-york-law/2010-04-questions.html,Apr,FALSE,,,
,https://www.justanswer.com/real-estate-law-topics-new-york-law/2010-05-questions.html,May,FALSE,,,
,https://www.justanswer.com/real-estate-law-topics-new-york-law/2010-06-questions.html,Jun,FALSE,,,
,https://www.justanswer.com/real-estate-law-topics-new-york-law/2010-07-questions.html,Jul,FALSE,,,
,https://www.justanswer.com/real-estate-law-topics-new-york-law/2010-08-questions.html,Aug,FALSE,,,
,https://www.justanswer.com/real-estate-law-topics-new-york-law/2010-09-questions.html,Sep,FALSE,,,
,https://www.justanswer.com/real-estate-law-topics-new-york-law/2010-10-questions.html,Oct,FALSE,,,
,https://www.justanswer.com/real-estate-law-topics-new-york-law/2010-12-questions.html,Dec,FALSE,,,
,https://www.justanswer.com/real-estate-law-topics-new-york-law/2009-02-questions.html,Feb,FALSE,,,
,https://www.justanswer.com/real-estate-law-topics-new-york-law/2009-03-questions.html,Mar,FALSE,,,
,https://www.justanswer.com/real-estate-law-topics-new-york-law/2009-04-questions.html,Apr,FALSE,,,
,https://www.justanswer.com/real-estate-law-topics-new-york-law/2009-05-questions.html,May,FALSE,,,
,https://www.justanswer.com/real-estate-law-topics-new-york-law/2009-06-questions.html,Jun,FALSE,,,
,https://www.justanswer.com/real-estate-law-topics-new-york-law/2009-07-questions.html,Jul,FALSE,,,
,https://www.justanswer.com/real-estate-law-topics-new-york-law/2009-08-questions.html,Aug,FALSE,,,
,https://www.justanswer.com/real-estate-law-topics-new-york-law/2009-09-questions.html,Sep,FALSE,,,
,https://www.justanswer.com/real-estate-law-topics-new-york-law/2009-10-questions.html,Oct,FALSE,,,
,https://www.justanswer.com/real-estate-law-topics-new-york-law/2009-11-questions.html,Nov,FALSE,,,
,https://www.justanswer.com/real-estate-law-topics-new-york-law/2009-12-questions.html,Dec,FALSE,,,
,https://www.justanswer.com/real-estate-law-topics-new-york-law/2008-02-questions.html,Feb,FALSE,,,
,https://www.justanswer.com/real-estate-law-topics-new-york-law/2008-03-questions.html,Mar,FALSE,,,
,https://www.justanswer.com/real-estate-law-topics-new-york-law/2008-04-questions.html,Apr,FALSE,,,
,https://www.justanswer.com/real-estate-law-topics-new-york-law/2008-05-questions.html,May,FALSE,,,
,https://www.justanswer.com/real-estate-law-topics-new-york-law/2008-06-questions.html,Jun,FALSE,,,
,https://www.justanswer.com/real-estate-law-topics-new-york-law/2008-07-questions.html,Jul,FALSE,,,
,https://www.justanswer.com/real-estate-law-topics-new-york-law/2008-08-questions.html,Aug,FALSE,,,
,https://www.justanswer.com/real-estate-law-topics-new-york-law/2008-09-questions.html,Sep,FALSE,,,
,https://www.justanswer.com/real-estate-law-topics-new-york-law/2008-10-questions.html,Oct,FALSE,,,
,https://www.justanswer.com/real-estate-law-topics-new-york-law/2008-11-questions.html,Nov,FALSE,,,
,https://www.justanswer.com/real-estate-law-topics-new-york-law/2008-12-questions.html,Dec,FALSE,,,
,https://www.bbb.org/greater-san-francisco/business-reviews/internet-services/justanswer-in-san-francisco-ca-82403,,TRUE,,,
,https://trustsealinfo.websecurity.norton.com/splash?form_file=fdf/splash.fdf&dn=secure.justanswer.com&lang=en,,TRUE,,,
,https://www.dmca.com/Protection/Status.aspx?ID=8cf5b398-29e6-4ecd-aef9-45f0ddd2d8c9,,TRUE,,,
,http://ww2.justanswer.com/help,Contact Us,TRUE,,,
,http://ww2.justanswer.com/terms-service-0,Terms of Service,TRUE,,,
,http://ww2.justanswer.com/privacy-security,Privacy & Security,TRUE,,,
,http://ww2.justanswer.com/about-justanswer,About Us,TRUE,,,
,https://www.justanswer.com/law/sitemap.html,Sitemap,FALSE,,,
,https://www.justanswer.com/,JustAnswer,FALSE,,,
,https://www.justanswer.com/real-estate-law/,Real Estate Law,FALSE,,,
,https://www.justanswer.com/real-estate-law-topics-new-york-law/,New York Law,FALSE,,,
,https://www.justanswer.com/#QuestionBox,Ask A Question,FALSE,,,
,https://www.justanswer.com/account/register.aspx,Register,FALSE,,,
,https://www.justanswer.com/login.aspx,Login,FALSE,,,
,http://ww2.justanswer.com/help,Contact Us,TRUE,,,
,https://www.justanswer.com/real-estate-law/9ophx-home-foreclosure-auction-date-already-scheduled.html,My home is in foreclosure. auction date is already scheduled.,FALSE,,,
,https://www.justanswer.com/real-estate-law/9mmjx-tenant-basement-nyc-program.html,I have a tenant in my basement. She came through a nyc program,FALSE,,,
,https://www.justanswer.com/real-estate-law/9kshb-work-property-management-company-trying.html,I work property management company and we are trying to,FALSE,,,
,https://www.justanswer.com/real-estate-law/9ia9d-contract-buyer-deceased-sisters-co-op.html,I am in contract with a buyer of my deceased sisters co op,FALSE,,,
,https://www.justanswer.com/real-estate-law/9i1ih-sold-house-i-no-motgagae.html,I sold a house (I had no motgagae). Am I under any,FALSE,,,
,https://www.justanswer.com/real-estate-law/9a2ds-richard-my-daughter-rented-older-brother-room-condo-past-six-6.html,My daughter rented her older brother a room in her condo.,FALSE,,,
,https://www.justanswer.com/real-estate-law/96zbd-manage-apartment-building-upstate-new-york-state.html,I manage an apartment building in Upstate New York State as,FALSE,,,
,https://www.justanswer.com/real-estate-law/967i9-driveway-maintenance.html,Driveway maintenance,FALSE,,,
,https://www.justanswer.com/real-estate-law/946ur-living-property-years-last-year.html,We have been living same property years. Last year a,FALSE,,,
,https://www.justanswer.com/real-estate-law/93gpu-rent-home-absentee-landlord.html,I rent in a home with absentee landlord -- there is,FALSE,,,
,https://www.justanswer.com/real-estate-law/93dzk-just-looking-info-squatters-possibly-but-probably.html,Just looking up info on squatters. we possibly (but probably),FALSE,,,
,https://www.justanswer.com/real-estate-law/91tv2-house-flushing-new-york-first-mortgage.html,"My house is in Flushing , New York. I have First Mortgage on",FALSE,,,
,https://www.justanswer.com/real-estate-law/8w1ci-i-m-going-divorce-stop-paying-mortgage.html,"I'm going through a divorce , what if I stop paying the mortgage",FALSE,,,
,https://www.justanswer.com/real-estate-law/8talq-new-york-long-purchase-new-condo.html,In New York how long after purchase of a new condo can the,FALSE,,,
,https://www.justanswer.com/real-estate-law/8rixt-family-backyard-deck-that-s-part.html,I have a 2 family that has a backyard and a deck That's part,FALSE,,,
,https://www.justanswer.com/real-estate-law/8rg3j-live-rockland-county-ny-tenant-month.html,I live in rockland county NY and i have a tenant on a month,FALSE,,,
,https://www.justanswer.com/real-estate-law/8pr53-tenant-rents-room-rented-single.html,I have a tenant that rents a room. He rented as a single and,FALSE,,,
,https://www.justanswer.com/real-estate-law/8p9a0-signing-non-circumvention-non-disclosure-agreements.html,"I am signing Non Circumvention non disclosure agreements, and",FALSE,,,
,https://www.justanswer.com/real-estate-law/8c89q-sign-non-fee-rental-apartment-nyc-just.html,I am about sign non fee rental apartment in nyc. But I just,FALSE,,,
,https://www.justanswer.com/real-estate-law/884e7-location-brooklyn-ny-type-conflict-primary-tenant-vs.html,"Location: Brooklyn, NY
type of conflict: primary tenant vs",FALSE,,,
,https://www.justanswer.com/real-estate-law/880b9-need-name-removed-deed-house.html,Need to have a name removed from deed on house. what to do,FALSE,,,
,https://www.justanswer.com/real-estate-law/7z1tx-quantum-meruit.html,Quantum Meruit,FALSE,,,
,https://www.justanswer.com/real-estate-law/7vzye-girl-friend-lives-house-year-half.html,"my girl friend lives with me in my house for a year and a half,",FALSE,,,
,https://www.justanswer.com/real-estate-law/7ne9z-sales-contract-investment-choices-llc-located.html,I have a sales contract with Investment Choices LLC located,FALSE,,,
,https://www.justanswer.com/real-estate-law/77c4y-rent-avalon-bay-communities-ny-living.html,I rent with avalon bay communities in ny . Been living over,FALSE,,,
,https://www.justanswer.com/real-estate-law/6pjw0-harassed-we-think-neighbor-complaining.html,"we are being harassed"" (we think) by a neighbor who is complaining""",FALSE,,,
,https://www.justanswer.com/real-estate-law/6a8t2-hello-i-m-dr-michael.html,"Hello. Im Dr. Michael , a f",FALSE,,,
,https://www.justanswer.com/real-estate-law/641ip-want-know-adverse-possession-nyc-queens-saw.html,I want to know about adverse possession in NYC queens. I saw,FALSE,,,
,https://www.justanswer.com/real-estate-law/5u5ca-solar-contractor-done-job-years-back-still-does.html,Solar contractor has done job 3 years back.still it does,FALSE,,,
,https://www.justanswer.com/real-estate-law/5tv2p-living-apartment-manhattan-nyc.html,"I have been living at my apartment in Manhattan, NYC for over",FALSE,,,
,https://www.justanswer.com/real-estate-law/5o9g3-son-renting-apartment-school-syracuse-owners.html,My son is renting an apartment at school in Syracuse. The owners,FALSE,,,
,https://www.justanswer.com/real-estate-law/59fn6-questions-regarding-banckruptcy-new-york-law.html,Questions regarding Banckruptcy in NEW YORK law. I have a,FALSE,,,
,https://www.justanswer.com/real-estate-law/595g5-supreme-court-find-neighbor-fence-encroach-land.html,The supreme Court find my neighbor fence encroach to my land,FALSE,,,
,https://www.justanswer.com/real-estate-law/4sby7-hi-live-long-island-ny-currently-trying-modify.html,"Hi, I live Long Island NY & we are currently trying to modify",FALSE,,,
,https://www.justanswer.com/real-estate-law/4qzz4-tenant-months-past-due-rent-i.html,I have a tenant which is 7 months past due on rent .I have,FALSE,,,
,https://www.justanswer.com/real-estate-law/4p3oj-rent-nice-illegal-apt-tenant-brooklyn.html,"We rent a very nice illegal apt. to a tenant in Brooklyn,",FALSE,,,
,https://www.justanswer.com/real-estate-law/4nzo0-wife-handicapped-we-re-living-rent-stabilized.html,My wife and I are handicapped. Were living in rent stabilized,FALSE,,,
,https://www.justanswer.com/real-estate-law/4mll9-live-ny-state-queensbury-warren-county-engaged.html,"Live in NY State, Queensbury, Warren County. I had been engaged",FALSE,,,
,https://www.justanswer.com/real-estate-law/4j0a2-origional-owner-boarding-property-line-built-fense.html,The origional owner boarding my property line built a fense,FALSE,,,
,https://www.justanswer.com/real-estate-law/4i06y-hi-there-i-m-trying-break-lease-brooklyn.html,"hi there, im trying to break a lease in brooklyn. we have",FALSE,,,
,https://www.justanswer.com/real-estate-law/4drmz-purchase-property-paid-closing-brokers-fee.html,I had purchase a property and paid at closing brokers fee to,FALSE,,,
,https://www.justanswer.com/real-estate-law/4csxu-buying-property-bank-price-excepted-however.html,"We are buying a property from the bank and my price was excepted,however",FALSE,,,
,https://www.justanswer.com/real-estate-law/4c3py-tenant-not-paid-rent-mid-september.html,my tenant has not paid rent since mid september as she has,FALSE,,,
,https://www.justanswer.com/real-estate-law/4bzrm-father-sold-house-net-profit-144k.html,My father sold his house. The net profit was $144K. It was,FALSE,,,
,https://www.justanswer.com/real-estate-law/4actr-does-state-florida-new-york-laws.html,Does the State of Florida and New York have the same laws as,FALSE,,,
,https://www.justanswer.com/real-estate-law/45etx-garneshing-request-wifes-salary-2nd-mortgage.html,have a garneshing request for my wifes salary for a 2nd mortgage,FALSE,,,
,https://www.justanswer.com/real-estate-law/43z3x-found-inexpensive-apartment-asked-broker-i-ll-call.html,I found an inexpensive apartment and asked a broker(Ill call,FALSE,,,
,https://www.justanswer.com/real-estate-law/3yvpn-hi-there-i-m-back-question-haven-t-received.html,"Hi there,
Im back with another question! I havent received",FALSE,,,
,https://www.justanswer.com/real-estate-law/3yup6-rental-properties-foreclosing.html,I have some rental properties that are foreclosing and I had,FALSE,,,
,https://www.justanswer.com/real-estate-law/3w4q3-landlord-evicting-lawyers-office-served.html,my landlord is evicting me and his lawyers office served my,FALSE,,,
,https://www.justanswer.com/real-estate-law-topics-new-york-law/questions.html,<< Prev,FALSE,,,
,https://www.justanswer.com/real-estate-law-topics-new-york-law/questions.html?page=3,Next >>,FALSE,,,
,https://www.justanswer.com/real-estate-law-topics-new-york-law/2023-03-questions.html,Mar,FALSE,,,
,https://www.justanswer.com/real-estate-law-topics-new-york-law/2023-05-questions.html,May,FALSE,,,
,https://www.justanswer.com/real-estate-law-topics-new-york-law/2023-06-questions.html,Jun,FALSE,,,
,https://www.justanswer.com/real-estate-law-topics-new-york-law/2023-10-questions.html,Oct,FALSE,,,
,https://www.justanswer.com/real-estate-law-topics-new-york-law/2022-04-questions.html,Apr,FALSE,,,
,https://www.justanswer.com/real-estate-law-topics-new-york-law/2021-01-questions.html,Jan,FALSE,,,
,https://www.justanswer.com/real-estate-law-topics-new-york-law/2021-02-questions.html,Feb,FALSE,,,
,https://www.justanswer.com/real-estate-law-topics-new-york-law/2021-04-questions.html,Apr,FALSE,,,
,https://www.justanswer.com/real-estate-law-topics-new-york-law/2021-05-questions.html,May,FALSE,,,
,https://www.justanswer.com/real-estate-law-topics-new-york-law/2021-07-questions.html,Jul,FALSE,,,
,https://www.justanswer.com/real-estate-law-topics-new-york-law/2021-10-questions.html,Oct,FALSE,,,
,https://www.justanswer.com/real-estate-law-topics-new-york-law/2021-11-questions.html,Nov,FALSE,,,
,https://www.justanswer.com/real-estate-law-topics-new-york-law/2020-07-questions.html,Jul,FALSE,,,
,https://www.justanswer.com/real-estate-law-topics-new-york-law/2020-08-questions.html,Aug,FALSE,,,
,https://www.justanswer.com/real-estate-law-topics-new-york-law/2020-09-questions.html,Sep,FALSE,,,
,https://www.justanswer.com/real-estate-law-topics-new-york-law/2020-11-questions.html,Nov,FALSE,,,
,https://www.justanswer.com/real-estate-law-topics-new-york-law/2020-12-questions.html,Dec,FALSE,,,
,https://www.justanswer.com/real-estate-law-topics-new-york-law/2019-03-questions.html,Mar,FALSE,,,
,https://www.justanswer.com/real-estate-law-topics-new-york-law/2019-04-questions.html,Apr,FALSE,,,
,https://www.justanswer.com/real-estate-law-topics-new-york-law/2019-05-questions.html,May,FALSE,,,
,https://www.justanswer.com/real-estate-law-topics-new-york-law/2019-07-questions.html,Jul,FALSE,,,
,https://www.justanswer.com/real-estate-law-topics-new-york-law/2018-01-questions.html,Jan,FALSE,,,
,https://www.justanswer.com/real-estate-law-topics-new-york-law/2018-04-questions.html,Apr,FALSE,,,
,https://www.justanswer.com/real-estate-law-topics-new-york-law/2018-05-questions.html,May,FALSE,,,
,https://www.justanswer.com/real-estate-law-topics-new-york-law/2018-07-questions.html,Jul,FALSE,,,
,https://www.justanswer.com/real-estate-law-topics-new-york-law/2018-09-questions.html,Sep,FALSE,,,
,https://www.justanswer.com/real-estate-law-topics-new-york-law/2018-10-questions.html,Oct,FALSE,,,
,https://www.justanswer.com/real-estate-law-topics-new-york-law/2018-11-questions.html,Nov,FALSE,,,
,https://www.justanswer.com/real-estate-law-topics-new-york-law/2018-12-questions.html,Dec,FALSE,,,
,https://www.justanswer.com/real-estate-law-topics-new-york-law/2017-02-questions.html,Feb,FALSE,,,
,https://www.justanswer.com/real-estate-law-topics-new-york-law/2017-03-questions.html,Mar,FALSE,,,
,https://www.justanswer.com/real-estate-law-topics-new-york-law/2017-04-questions.html,Apr,FALSE,,,
,https://www.justanswer.com/real-estate-law-topics-new-york-law/2017-10-questions.html,Oct,FALSE,,,
,https://www.justanswer.com/real-estate-law-topics-new-york-law/2017-11-questions.html,Nov,FALSE,,,
,https://www.justanswer.com/real-estate-law-topics-new-york-law/2017-12-questions.html,Dec,FALSE,,,
,https://www.justanswer.com/real-estate-law-topics-new-york-law/2016-01-questions.html,Jan,FALSE,,,
,https://www.justanswer.com/real-estate-law-topics-new-york-law/2016-03-questions.html,Mar,FALSE,,,
,https://www.justanswer.com/real-estate-law-topics-new-york-law/2016-04-questions.html,Apr,FALSE,,,
,https://www.justanswer.com/real-estate-law-topics-new-york-law/2016-05-questions.html,May,FALSE,,,
,https://www.justanswer.com/real-estate-law-topics-new-york-law/2016-06-questions.html,Jun,FALSE,,,
,https://www.justanswer.com/real-estate-law-topics-new-york-law/2016-07-questions.html,Jul,FALSE,,,
,https://www.justanswer.com/real-estate-law-topics-new-york-law/2016-08-questions.html,Aug,FALSE,,,
,https://www.justanswer.com/real-estate-law-topics-new-york-law/2016-09-questions.html,Sep,FALSE,,,
,https://www.justanswer.com/real-estate-law-topics-new-york-law/2016-10-questions.html,Oct,FALSE,,,
,https://www.justanswer.com/real-estate-law-topics-new-york-law/2015-01-questions.html,Jan,FALSE,,,
,https://www.justanswer.com/real-estate-law-topics-new-york-law/2015-02-questions.html,Feb,FALSE,,,
,https://www.justanswer.com/real-estate-law-topics-new-york-law/2015-03-questions.html,Mar,FALSE,,,
,https://www.justanswer.com/real-estate-law-topics-new-york-law/2015-04-questions.html,Apr,FALSE,,,
,https://www.justanswer.com/real-estate-law-topics-new-york-law/2015-05-questions.html,May,FALSE,,,
,https://www.justanswer.com/real-estate-law-topics-new-york-law/2015-06-questions.html,Jun,FALSE,,,
,https://www.justanswer.com/real-estate-law-topics-new-york-law/2015-07-questions.html,Jul,FALSE,,,
,https://www.justanswer.com/real-estate-law-topics-new-york-law/2015-08-questions.html,Aug,FALSE,,,
,https://www.justanswer.com/real-estate-law-topics-new-york-law/2015-12-questions.html,Dec,FALSE,,,
,https://www.justanswer.com/real-estate-law-topics-new-york-law/2014-01-questions.html,Jan,FALSE,,,
,https://www.justanswer.com/real-estate-law-topics-new-york-law/2014-03-questions.html,Mar,FALSE,,,
,https://www.justanswer.com/real-estate-law-topics-new-york-law/2014-10-questions.html,Oct,FALSE,,,
,https://www.justanswer.com/real-estate-law-topics-new-york-law/2014-11-questions.html,Nov,FALSE,,,
,https://www.justanswer.com/real-estate-law-topics-new-york-law/2014-12-questions.html,Dec,FALSE,,,
,https://www.justanswer.com/real-estate-law-topics-new-york-law/2013-03-questions.html,Mar,FALSE,,,
,https://www.justanswer.com/real-estate-law-topics-new-york-law/2013-07-questions.html,Jul,FALSE,,,
,https://www.justanswer.com/real-estate-law-topics-new-york-law/2013-09-questions.html,Sep,FALSE,,,
,https://www.justanswer.com/real-estate-law-topics-new-york-law/2013-10-questions.html,Oct,FALSE,,,
,https://www.justanswer.com/real-estate-law-topics-new-york-law/2012-01-questions.html,Jan,FALSE,,,
,https://www.justanswer.com/real-estate-law-topics-new-york-law/2012-02-questions.html,Feb,FALSE,,,
,https://www.justanswer.com/real-estate-law-topics-new-york-law/2012-03-questions.html,Mar,FALSE,,,
,https://www.justanswer.com/real-estate-law-topics-new-york-law/2012-05-questions.html,May,FALSE,,,
,https://www.justanswer.com/real-estate-law-topics-new-york-law/2012-09-questions.html,Sep,FALSE,,,
,https://www.justanswer.com/real-estate-law-topics-new-york-law/2012-10-questions.html,Oct,FALSE,,,
,https://www.justanswer.com/real-estate-law-topics-new-york-law/2011-01-questions.html,Jan,FALSE,,,
,https://www.justanswer.com/real-estate-law-topics-new-york-law/2011-02-questions.html,Feb,FALSE,,,
,https://www.justanswer.com/real-estate-law-topics-new-york-law/2011-03-questions.html,Mar,FALSE,,,
,https://www.justanswer.com/real-estate-law-topics-new-york-law/2011-07-questions.html,Jul,FALSE,,,
,https://www.justanswer.com/real-estate-law-topics-new-york-law/2011-10-questions.html,Oct,FALSE,,,
,https://www.justanswer.com/real-estate-law-topics-new-york-law/2011-11-questions.html,Nov,FALSE,,,
,https://www.justanswer.com/real-estate-law-topics-new-york-law/2010-01-questions.html,Jan,FALSE,,,
,https://www.justanswer.com/real-estate-law-topics-new-york-law/2010-02-questions.html,Feb,FALSE,,,
,https://www.justanswer.com/real-estate-law-topics-new-york-law/2010-03-questions.html,Mar,FALSE,,,
,https://www.justanswer.com/real-estate-law-topics-new-york-law/2010-04-questions.html,Apr,FALSE,,,
,https://www.justanswer.com/real-estate-law-topics-new-york-law/2010-05-questions.html,May,FALSE,,,
,https://www.justanswer.com/real-estate-law-topics-new-york-law/2010-06-questions.html,Jun,FALSE,,,
,https://www.justanswer.com/real-estate-law-topics-new-york-law/2010-07-questions.html,Jul,FALSE,,,
,https://www.justanswer.com/real-estate-law-topics-new-york-law/2010-08-questions.html,Aug,FALSE,,,
,https://www.justanswer.com/real-estate-law-topics-new-york-law/2010-09-questions.html,Sep,FALSE,,,
,https://www.justanswer.com/real-estate-law-topics-new-york-law/2010-10-questions.html,Oct,FALSE,,,
,https://www.justanswer.com/real-estate-law-topics-new-york-law/2010-12-questions.html,Dec,FALSE,,,
,https://www.justanswer.com/real-estate-law-topics-new-york-law/2009-02-questions.html,Feb,FALSE,,,
,https://www.justanswer.com/real-estate-law-topics-new-york-law/2009-03-questions.html,Mar,FALSE,,,
,https://www.justanswer.com/real-estate-law-topics-new-york-law/2009-04-questions.html,Apr,FALSE,,,
,https://www.justanswer.com/real-estate-law-topics-new-york-law/2009-05-questions.html,May,FALSE,,,
,https://www.justanswer.com/real-estate-law-topics-new-york-law/2009-06-questions.html,Jun,FALSE,,,
,https://www.justanswer.com/real-estate-law-topics-new-york-law/2009-07-questions.html,Jul,FALSE,,,
,https://www.justanswer.com/real-estate-law-topics-new-york-law/2009-08-questions.html,Aug,FALSE,,,
,https://www.justanswer.com/real-estate-law-topics-new-york-law/2009-09-questions.html,Sep,FALSE,,,
,https://www.justanswer.com/real-estate-law-topics-new-york-law/2009-10-questions.html,Oct,FALSE,,,
,https://www.justanswer.com/real-estate-law-topics-new-york-law/2009-11-questions.html,Nov,FALSE,,,
,https://www.justanswer.com/real-estate-law-topics-new-york-law/2009-12-questions.html,Dec,FALSE,,,
,https://www.justanswer.com/real-estate-law-topics-new-york-law/2008-02-questions.html,Feb,FALSE,,,
,https://www.justanswer.com/real-estate-law-topics-new-york-law/2008-03-questions.html,Mar,FALSE,,,
,https://www.justanswer.com/real-estate-law-topics-new-york-law/2008-04-questions.html,Apr,FALSE,,,
,https://www.justanswer.com/real-estate-law-topics-new-york-law/2008-05-questions.html,May,FALSE,,,
,https://www.justanswer.com/real-estate-law-topics-new-york-law/2008-06-questions.html,Jun,FALSE,,,
,https://www.justanswer.com/real-estate-law-topics-new-york-law/2008-07-questions.html,Jul,FALSE,,,
,https://www.justanswer.com/real-estate-law-topics-new-york-law/2008-08-questions.html,Aug,FALSE,,,
,https://www.justanswer.com/real-estate-law-topics-new-york-law/2008-09-questions.html,Sep,FALSE,,,
,https://www.justanswer.com/real-estate-law-topics-new-york-law/2008-10-questions.html,Oct,FALSE,,,
,https://www.justanswer.com/real-estate-law-topics-new-york-law/2008-11-questions.html,Nov,FALSE,,,
,https://www.justanswer.com/real-estate-law-topics-new-york-law/2008-12-questions.html,Dec,FALSE,,,
,https://www.bbb.org/greater-san-francisco/business-reviews/internet-services/justanswer-in-san-francisco-ca-82403,,TRUE,,,
,https://trustsealinfo.websecurity.norton.com/splash?form_file=fdf/splash.fdf&dn=secure.justanswer.com&lang=en,,TRUE,,,
,https://www.dmca.com/Protection/Status.aspx?ID=8cf5b398-29e6-4ecd-aef9-45f0ddd2d8c9,,TRUE,,,
,http://ww2.justanswer.com/help,Contact Us,TRUE,,,
,http://ww2.justanswer.com/terms-service-0,Terms of Service,TRUE,,,
,http://ww2.justanswer.com/privacy-security,Privacy & Security,TRUE,,,
,http://ww2.justanswer.com/about-justanswer,About Us,TRUE,,,
,https://www.justanswer.com/law/sitemap.html,Sitemap,FALSE,,,
,https://www.justanswer.com/,JustAnswer,FALSE,,,
,https://www.justanswer.com/real-estate-law/,Real Estate Law,FALSE,,,
,https://www.justanswer.com/real-estate-law-topics-new-york-law/,New York Law,FALSE,,,
,https://www.justanswer.com/#QuestionBox,Ask A Question,FALSE,,,
,https://www.justanswer.com/account/register.aspx,Register,FALSE,,,
,https://www.justanswer.com/login.aspx,Login,FALSE,,,
,http://ww2.justanswer.com/help,Contact Us,TRUE,,,
,https://www.justanswer.com/real-estate-law/3ttdh-woman-living-us-signed-lease.html,We have a woman living with us who we never signed a lease,FALSE,,,
,https://www.justanswer.com/real-estate-law/3szsn-daughter-victim-emotional-psychological-abuse.html,My daughter was a victim of emotional/psychological abuse by,FALSE,,,
,https://www.justanswer.com/real-estate-law/3ov3t-mother-just-refused-star-based-fact.html,My mother was just refused STAR based on the fact that she,FALSE,,,
,https://www.justanswer.com/real-estate-law/3ois4-month-month-tenant-lease-expired-year-ago.html,I am a month to month tenant (lease expired 1 year ago) in,FALSE,,,
,https://www.justanswer.com/real-estate-law/3nboj-own-piece-property-part-paper-development.html,I own a piece of property which was part of a paper development,FALSE,,,
,https://www.justanswer.com/real-estate-law/3hi30-living-apartment-nyack-ny-years.html,"I have been living in an apartment in Nyack, NY for 4 years.",FALSE,,,
,https://www.justanswer.com/real-estate-law/3hh4c-robert-j-giangreco-sr-xxxxx-xxxxx-poway.html,"Robert J. Giangreco, Sr. 13409 Midland Road # 173 Poway,",FALSE,,,
,https://www.justanswer.com/real-estate-law/3g9st-understand-eviction-procedure-wondering.html,"I understand the eviction procedure, but I am wondering if",FALSE,,,
,https://www.justanswer.com/real-estate-law/3dx4a-live-bedroom-rental-apartment-new-york-city-when.html,I live in a 2 bedroom rental apartment in new york city. When,FALSE,,,
,https://www.justanswer.com/real-estate-law/3dobp-boca-raton-fl-lease-agreement-tenant-expired.html,"Boca Raton, Fl. Lease agreement with my tenant has been expired",FALSE,,,
,https://www.justanswer.com/real-estate-law/3cpus-own-rental-property-sister-renting-me.html,I Own rental property which my sister is renting from me. She,FALSE,,,
,https://www.justanswer.com/real-estate-law/3bp2g-bed-bugs-co-op-apartment.html,We have bed bugs in our co-op apartment,FALSE,,,
,https://www.justanswer.com/real-estate-law/3b6mx-80-yr-old-mother-just-recently-heart-attack.html,My 80 yr old mother has just recently had a heart attack. At,FALSE,,,
,https://www.justanswer.com/real-estate-law/3as6r-tenant-just-passed-away-without-paying-march-s-rent-passed.html,"My tenant just passed away without paying Marchs rent, passed",FALSE,,,
,https://www.justanswer.com/real-estate-law/37yjt-tenant-renting-basement-commercial-enterprise-the.html,a tenant is renting my basement for a commercial enterprise...the,FALSE,,,
,https://www.justanswer.com/real-estate-law/37336-roommate-prime-tenant-nyc-rent-regulated-apartment.html,I am roommate of a prime tenant in a nyc rent regulated apartment.,FALSE,,,
,https://www.justanswer.com/real-estate-law/36w2u-signed-new-york-standard-2-year-lease-a-year-ago.html,I signed a New York Standard 2-year lease -a year ago- with,FALSE,,,
,https://www.justanswer.com/real-estate-law/36vyc-leased-apartment-landlord-deceived-us.html,I have leased an apartment from a landlord who deceived us.,FALSE,,,
,https://www.justanswer.com/real-estate-law/36gmk-question-washington-mutual-bank-henderson.html,"My question is about Washington Mutual Bank, of Henderson,",FALSE,,,
,https://www.justanswer.com/real-estate-law/36f7d-non-paying-tenant-basement-apt.html,how can get a non paying tenant out of my basement apt,FALSE,,,
,https://www.justanswer.com/real-estate-law/33oza-parents-uncle-own-equal-shares-two-family.html,My parents and uncle both own equal shares of a two family,FALSE,,,
,https://www.justanswer.com/real-estate-law/31vi8-legally-subletting-apartment-nyc-continued.html,I am legally subletting my apartment in NYC. I have continued,FALSE,,,
,https://www.justanswer.com/real-estate-law/30ipw-mother-tenant-wants-out-tenant-used.html,My mother has a tenant that she wants out. The tenant used,FALSE,,,
,https://www.justanswer.com/real-estate-law/308sn-question-putting-lis-pends-property.html,I have a question about putting a lis pends on a property.,FALSE,,,
,https://www.justanswer.com/real-estate-law/2y2lx-hi-happy-new-year-i-ve-living-current-residence.html,Hi happy new year. Ive been living at my current residence,FALSE,,,
,https://www.justanswer.com/real-estate-law/2vrlv-live-new-york-own-home-mortgage.html,I live in New York and i own a home. I have a mortgage on,FALSE,,,
,https://www.justanswer.com/real-estate-law/2ti2d-evict-family-member-placed-trailer.html,How do you evict a family member that has placed a trailer,FALSE,,,
,https://www.justanswer.com/real-estate-law/2pxe8-recently-found-doorman-previous-residence.html,I recently found out that a doorman at my previous residence,FALSE,,,
,https://www.justanswer.com/real-estate-law/2msed-nassau-county-commercial-tenant-lease-up-does-not-want.html,"Nassau county,commercial tenant lease is up, does not want",FALSE,,,
,https://www.justanswer.com/real-estate-law/2mlmc-hi-dealing-shared-meter-situation-landlord.html,"hi, i am dealing with a shared meter situation and a landlord",FALSE,,,
,https://www.justanswer.com/real-estate-law/2mjke-hello-question-tenant-s-right-privacy.html,"Hello, I had a question about a tenants right to privacy as",FALSE,,,
,https://www.justanswer.com/real-estate-law/2m8hs-house-recently-sold-foreclosure-find.html,My house was recently sold in foreclosure where can I find,FALSE,,,
,https://www.justanswer.com/real-estate-law/2lrrr-notice-quit-legal-notification-i-recieved.html,Is a Notice to Quit a legal notification.I have recieved a,FALSE,,,
,https://www.justanswer.com/real-estate-law/2l393-partner-process-opening-hostel.html,My partner and I are in the process of opening up a Hostel,FALSE,,,
,https://www.justanswer.com/real-estate-law/2fuq3-roommates-bit-dispute-security.html,My roommates and I are in a bit of a dispute about our security,FALSE,,,
,https://www.justanswer.com/real-estate-law/2e9wx-trying-evict-tenant-non-payment-served.html,I am trying to evict a tenant for non payment. I served him,FALSE,,,
,https://www.justanswer.com/real-estate-law/2e9p1-legal-landlords-increase-rent-times-within.html,Is it legal for landlords to increase rent 3 times within 5,FALSE,,,
,https://www.justanswer.com/real-estate-law/2dq60-tenant-nyc-lease-place-landlord.html,I am a tenant in NYC. I had a lease in place with my landlord,FALSE,,,
,https://www.justanswer.com/real-estate-law/2d0q4-maintained-property-almost-50-years-owners.html,if you have maintained property for almost 50 years at owners,FALSE,,,
,https://www.justanswer.com/real-estate-law/29cm7-hi-months-ago-arrived-buffalo-n-y-signed.html,"Hi, 3 months ago we arrived in Buffalo n.y. and signed a",FALSE,,,
,https://www.justanswer.com/real-estate-law/2838m-landlady-sell-apartment-during-lease.html,Can my landlady sell the apartment (during my lease),FALSE,,,
,https://www.justanswer.com/real-estate-law/26tdb-recently-asked-landlord-change-rent-payment.html,I recently asked my landlord for a change in my rent payment,FALSE,,,
,https://www.justanswer.com/real-estate-law/22z3m-year-ago-commercial-space-landlord-filed-received.html,1 year ago my commercial space landlord filed for and received,FALSE,,,
,https://www.justanswer.com/real-estate-law/1z2qc-tenants-drug-using-drug-dealing-lowlifes.html,"I have tenants that are drug using, drug dealing lowlifes.",FALSE,,,
,https://www.justanswer.com/real-estate-law/1yk6d-subcontracor-file-lean-gc-s-property-assets.html,"As a subcontracor, can I file a lean on the GCs property/assets,",FALSE,,,
,https://www.justanswer.com/real-estate-law/1ws4z-landlord-refuses-exterminate-apartment-bed-bugs.html,my landlord refuses to exterminate my apartment for bed bugs,FALSE,,,
,https://www.justanswer.com/real-estate-law/1w7m4-mother-currently-holds-lease-apartment-lease.html,My mother currently holds a lease on an apartment. The lease,FALSE,,,
,https://www.justanswer.com/real-estate-law/1t1t6-landlord-send-letter-years-moved-out-asking.html,"Can a landlord send a letter 3 years after you moved out, asking",FALSE,,,
,https://www.justanswer.com/real-estate-law/1okpm-subtenat-store-lease-will-finish-tomorrow.html,i have subtenat in my store. his lease will finish tomorrow,FALSE,,,
,https://www.justanswer.com/real-estate-law/1n50k-tenant-roommate-person-listed-occupant.html,I have a tenant (ROOMMATE) i AM THE ONLY PERSON LISTED as occupant,FALSE,,,
,https://www.justanswer.com/real-estate-law-topics-new-york-law/questions.html?page=2,<< Prev,FALSE,,,
,https://www.justanswer.com/real-estate-law-topics-new-york-law/questions.html?page=4,Next >>,FALSE,,,
,https://www.justanswer.com/real-estate-law-topics-new-york-law/2023-03-questions.html,Mar,FALSE,,,
,https://www.justanswer.com/real-estate-law-topics-new-york-law/2023-05-questions.html,May,FALSE,,,
,https://www.justanswer.com/real-estate-law-topics-new-york-law/2023-06-questions.html,Jun,FALSE,,,
,https://www.justanswer.com/real-estate-law-topics-new-york-law/2023-10-questions.html,Oct,FALSE,,,
,https://www.justanswer.com/real-estate-law-topics-new-york-law/2022-04-questions.html,Apr,FALSE,,,
,https://www.justanswer.com/real-estate-law-topics-new-york-law/2021-01-questions.html,Jan,FALSE,,,
,https://www.justanswer.com/real-estate-law-topics-new-york-law/2021-02-questions.html,Feb,FALSE,,,
,https://www.justanswer.com/real-estate-law-topics-new-york-law/2021-04-questions.html,Apr,FALSE,,,
,https://www.justanswer.com/real-estate-law-topics-new-york-law/2021-05-questions.html,May,FALSE,,,
,https://www.justanswer.com/real-estate-law-topics-new-york-law/2021-07-questions.html,Jul,FALSE,,,
,https://www.justanswer.com/real-estate-law-topics-new-york-law/2021-10-questions.html,Oct,FALSE,,,
,https://www.justanswer.com/real-estate-law-topics-new-york-law/2021-11-questions.html,Nov,FALSE,,,
,https://www.justanswer.com/real-estate-law-topics-new-york-law/2020-07-questions.html,Jul,FALSE,,,
,https://www.justanswer.com/real-estate-law-topics-new-york-law/2020-08-questions.html,Aug,FALSE,,,
,https://www.justanswer.com/real-estate-law-topics-new-york-law/2020-09-questions.html,Sep,FALSE,,,
,https://www.justanswer.com/real-estate-law-topics-new-york-law/2020-11-questions.html,Nov,FALSE,,,
,https://www.justanswer.com/real-estate-law-topics-new-york-law/2020-12-questions.html,Dec,FALSE,,,
,https://www.justanswer.com/real-estate-law-topics-new-york-law/2019-03-questions.html,Mar,FALSE,,,
,https://www.justanswer.com/real-estate-law-topics-new-york-law/2019-04-questions.html,Apr,FALSE,,,
,https://www.justanswer.com/real-estate-law-topics-new-york-law/2019-05-questions.html,May,FALSE,,,
,https://www.justanswer.com/real-estate-law-topics-new-york-law/2019-07-questions.html,Jul,FALSE,,,
,https://www.justanswer.com/real-estate-law-topics-new-york-law/2018-01-questions.html,Jan,FALSE,,,
,https://www.justanswer.com/real-estate-law-topics-new-york-law/2018-04-questions.html,Apr,FALSE,,,
,https://www.justanswer.com/real-estate-law-topics-new-york-law/2018-05-questions.html,May,FALSE,,,
,https://www.justanswer.com/real-estate-law-topics-new-york-law/2018-07-questions.html,Jul,FALSE,,,
,https://www.justanswer.com/real-estate-law-topics-new-york-law/2018-09-questions.html,Sep,FALSE,,,
,https://www.justanswer.com/real-estate-law-topics-new-york-law/2018-10-questions.html,Oct,FALSE,,,
,https://www.justanswer.com/real-estate-law-topics-new-york-law/2018-11-questions.html,Nov,FALSE,,,
,https://www.justanswer.com/real-estate-law-topics-new-york-law/2018-12-questions.html,Dec,FALSE,,,
,https://www.justanswer.com/real-estate-law-topics-new-york-law/2017-02-questions.html,Feb,FALSE,,,
,https://www.justanswer.com/real-estate-law-topics-new-york-law/2017-03-questions.html,Mar,FALSE,,,
,https://www.justanswer.com/real-estate-law-topics-new-york-law/2017-04-questions.html,Apr,FALSE,,,
,https://www.justanswer.com/real-estate-law-topics-new-york-law/2017-10-questions.html,Oct,FALSE,,,
,https://www.justanswer.com/real-estate-law-topics-new-york-law/2017-11-questions.html,Nov,FALSE,,,
,https://www.justanswer.com/real-estate-law-topics-new-york-law/2017-12-questions.html,Dec,FALSE,,,
,https://www.justanswer.com/real-estate-law-topics-new-york-law/2016-01-questions.html,Jan,FALSE,,,
,https://www.justanswer.com/real-estate-law-topics-new-york-law/2016-03-questions.html,Mar,FALSE,,,
,https://www.justanswer.com/real-estate-law-topics-new-york-law/2016-04-questions.html,Apr,FALSE,,,
,https://www.justanswer.com/real-estate-law-topics-new-york-law/2016-05-questions.html,May,FALSE,,,
,https://www.justanswer.com/real-estate-law-topics-new-york-law/2016-06-questions.html,Jun,FALSE,,,
,https://www.justanswer.com/real-estate-law-topics-new-york-law/2016-07-questions.html,Jul,FALSE,,,
,https://www.justanswer.com/real-estate-law-topics-new-york-law/2016-08-questions.html,Aug,FALSE,,,
,https://www.justanswer.com/real-estate-law-topics-new-york-law/2016-09-questions.html,Sep,FALSE,,,
,https://www.justanswer.com/real-estate-law-topics-new-york-law/2016-10-questions.html,Oct,FALSE,,,
,https://www.justanswer.com/real-estate-law-topics-new-york-law/2015-01-questions.html,Jan,FALSE,,,
,https://www.justanswer.com/real-estate-law-topics-new-york-law/2015-02-questions.html,Feb,FALSE,,,
,https://www.justanswer.com/real-estate-law-topics-new-york-law/2015-03-questions.html,Mar,FALSE,,,
,https://www.justanswer.com/real-estate-law-topics-new-york-law/2015-04-questions.html,Apr,FALSE,,,
,https://www.justanswer.com/real-estate-law-topics-new-york-law/2015-05-questions.html,May,FALSE,,,
,https://www.justanswer.com/real-estate-law-topics-new-york-law/2015-06-questions.html,Jun,FALSE,,,
,https://www.justanswer.com/real-estate-law-topics-new-york-law/2015-07-questions.html,Jul,FALSE,,,
,https://www.justanswer.com/real-estate-law-topics-new-york-law/2015-08-questions.html,Aug,FALSE,,,
,https://www.justanswer.com/real-estate-law-topics-new-york-law/2015-12-questions.html,Dec,FALSE,,,
,https://www.justanswer.com/real-estate-law-topics-new-york-law/2014-01-questions.html,Jan,FALSE,,,
,https://www.justanswer.com/real-estate-law-topics-new-york-law/2014-03-questions.html,Mar,FALSE,,,
,https://www.justanswer.com/real-estate-law-topics-new-york-law/2014-10-questions.html,Oct,FALSE,,,
,https://www.justanswer.com/real-estate-law-topics-new-york-law/2014-11-questions.html,Nov,FALSE,,,
,https://www.justanswer.com/real-estate-law-topics-new-york-law/2014-12-questions.html,Dec,FALSE,,,
,https://www.justanswer.com/real-estate-law-topics-new-york-law/2013-03-questions.html,Mar,FALSE,,,
,https://www.justanswer.com/real-estate-law-topics-new-york-law/2013-07-questions.html,Jul,FALSE,,,
,https://www.justanswer.com/real-estate-law-topics-new-york-law/2013-09-questions.html,Sep,FALSE,,,
,https://www.justanswer.com/real-estate-law-topics-new-york-law/2013-10-questions.html,Oct,FALSE,,,
,https://www.justanswer.com/real-estate-law-topics-new-york-law/2012-01-questions.html,Jan,FALSE,,,
,https://www.justanswer.com/real-estate-law-topics-new-york-law/2012-02-questions.html,Feb,FALSE,,,
,https://www.justanswer.com/real-estate-law-topics-new-york-law/2012-03-questions.html,Mar,FALSE,,,
,https://www.justanswer.com/real-estate-law-topics-new-york-law/2012-05-questions.html,May,FALSE,,,
,https://www.justanswer.com/real-estate-law-topics-new-york-law/2012-09-questions.html,Sep,FALSE,,,
,https://www.justanswer.com/real-estate-law-topics-new-york-law/2012-10-questions.html,Oct,FALSE,,,
,https://www.justanswer.com/real-estate-law-topics-new-york-law/2011-01-questions.html,Jan,FALSE,,,
,https://www.justanswer.com/real-estate-law-topics-new-york-law/2011-02-questions.html,Feb,FALSE,,,
,https://www.justanswer.com/real-estate-law-topics-new-york-law/2011-03-questions.html,Mar,FALSE,,,
,https://www.justanswer.com/real-estate-law-topics-new-york-law/2011-07-questions.html,Jul,FALSE,,,
,https://www.justanswer.com/real-estate-law-topics-new-york-law/2011-10-questions.html,Oct,FALSE,,,
,https://www.justanswer.com/real-estate-law-topics-new-york-law/2011-11-questions.html,Nov,FALSE,,,
,https://www.justanswer.com/real-estate-law-topics-new-york-law/2010-01-questions.html,Jan,FALSE,,,
,https://www.justanswer.com/real-estate-law-topics-new-york-law/2010-02-questions.html,Feb,FALSE,,,
,https://www.justanswer.com/real-estate-law-topics-new-york-law/2010-03-questions.html,Mar,FALSE,,,
,https://www.justanswer.com/real-estate-law-topics-new-york-law/2010-04-questions.html,Apr,FALSE,,,
,https://www.justanswer.com/real-estate-law-topics-new-york-law/2010-05-questions.html,May,FALSE,,,
,https://www.justanswer.com/real-estate-law-topics-new-york-law/2010-06-questions.html,Jun,FALSE,,,
,https://www.justanswer.com/real-estate-law-topics-new-york-law/2010-07-questions.html,Jul,FALSE,,,
,https://www.justanswer.com/real-estate-law-topics-new-york-law/2010-08-questions.html,Aug,FALSE,,,
,https://www.justanswer.com/real-estate-law-topics-new-york-law/2010-09-questions.html,Sep,FALSE,,,
,https://www.justanswer.com/real-estate-law-topics-new-york-law/2010-10-questions.html,Oct,FALSE,,,
,https://www.justanswer.com/real-estate-law-topics-new-york-law/2010-12-questions.html,Dec,FALSE,,,
,https://www.justanswer.com/real-estate-law-topics-new-york-law/2009-02-questions.html,Feb,FALSE,,,
,https://www.justanswer.com/real-estate-law-topics-new-york-law/2009-03-questions.html,Mar,FALSE,,,
,https://www.justanswer.com/real-estate-law-topics-new-york-law/2009-04-questions.html,Apr,FALSE,,,
,https://www.justanswer.com/real-estate-law-topics-new-york-law/2009-05-questions.html,May,FALSE,,,
,https://www.justanswer.com/real-estate-law-topics-new-york-law/2009-06-questions.html,Jun,FALSE,,,
,https://www.justanswer.com/real-estate-law-topics-new-york-law/2009-07-questions.html,Jul,FALSE,,,
,https://www.justanswer.com/real-estate-law-topics-new-york-law/2009-08-questions.html,Aug,FALSE,,,
,https://www.justanswer.com/real-estate-law-topics-new-york-law/2009-09-questions.html,Sep,FALSE,,,
,https://www.justanswer.com/real-estate-law-topics-new-york-law/2009-10-questions.html,Oct,FALSE,,,
,https://www.justanswer.com/real-estate-law-topics-new-york-law/2009-11-questions.html,Nov,FALSE,,,
,https://www.justanswer.com/real-estate-law-topics-new-york-law/2009-12-questions.html,Dec,FALSE,,,
,https://www.justanswer.com/real-estate-law-topics-new-york-law/2008-02-questions.html,Feb,FALSE,,,
,https://www.justanswer.com/real-estate-law-topics-new-york-law/2008-03-questions.html,Mar,FALSE,,,
,https://www.justanswer.com/real-estate-law-topics-new-york-law/2008-04-questions.html,Apr,FALSE,,,
,https://www.justanswer.com/real-estate-law-topics-new-york-law/2008-05-questions.html,May,FALSE,,,
,https://www.justanswer.com/real-estate-law-topics-new-york-law/2008-06-questions.html,Jun,FALSE,,,
,https://www.justanswer.com/real-estate-law-topics-new-york-law/2008-07-questions.html,Jul,FALSE,,,
,https://www.justanswer.com/real-estate-law-topics-new-york-law/2008-08-questions.html,Aug,FALSE,,,
,https://www.justanswer.com/real-estate-law-topics-new-york-law/2008-09-questions.html,Sep,FALSE,,,
,https://www.justanswer.com/real-estate-law-topics-new-york-law/2008-10-questions.html,Oct,FALSE,,,
,https://www.justanswer.com/real-estate-law-topics-new-york-law/2008-11-questions.html,Nov,FALSE,,,
,https://www.justanswer.com/real-estate-law-topics-new-york-law/2008-12-questions.html,Dec,FALSE,,,
,https://www.bbb.org/greater-san-francisco/business-reviews/internet-services/justanswer-in-san-francisco-ca-82403,,TRUE,,,
,https://trustsealinfo.websecurity.norton.com/splash?form_file=fdf/splash.fdf&dn=secure.justanswer.com&lang=en,,TRUE,,,
,https://www.dmca.com/Protection/Status.aspx?ID=8cf5b398-29e6-4ecd-aef9-45f0ddd2d8c9,,TRUE,,,
,http://ww2.justanswer.com/help,Contact Us,TRUE,,,
,http://ww2.justanswer.com/terms-service-0,Terms of Service,TRUE,,,
,http://ww2.justanswer.com/privacy-security,Privacy & Security,TRUE,,,
,http://ww2.justanswer.com/about-justanswer,About Us,TRUE,,,
,https://www.justanswer.com/law/sitemap.html,Sitemap,FALSE,,,
,https://www.justanswer.com/,JustAnswer,FALSE,,,
,https://www.justanswer.com/real-estate-law/,Real Estate Law,FALSE,,,
,https://www.justanswer.com/real-estate-law-topics-new-york-law/,New York Law,FALSE,,,
,https://www.justanswer.com/#QuestionBox,Ask A Question,FALSE,,,
,https://www.justanswer.com/account/register.aspx,Register,FALSE,,,
,https://www.justanswer.com/login.aspx,Login,FALSE,,,
,http://ww2.justanswer.com/help,Contact Us,TRUE,,,
,https://www.justanswer.com/real-estate-law/1ldvf-rental-property-jefferson-county-new-york.html,"Have a rental property in Jefferson County, New York. I have",FALSE,,,
,https://www.justanswer.com/real-estate-law/1l9f1-four-roommates-bedroom-apt-how-three.html,"If there are four roommates in a 4 bedroom apt,how do three",FALSE,,,
,https://www.justanswer.com/real-estate-law/1kb4t-move-building-concerned.html,i am about to move out of my building and am concerned about,FALSE,,,
,https://www.justanswer.com/real-estate-law/1hnwc-hi-name-xxxxx-xxxxx-years-ago-rented-one-room-bathroom.html,"Hi, My name is XXXXX XXXXX 4 years ago we rented a one room/bathroom",FALSE,,,
,https://www.justanswer.com/real-estate-law/1fjm4-four-owners-property-two-owners-having.html,There are four owners of a property with two owners having,FALSE,,,
,https://www.justanswer.com/real-estate-law/1cj5p-parents-moved-florida-left-myself-two.html,my parents moved to florida and left myself and my two ...,FALSE,,,
,https://www.justanswer.com/real-estate-law/1bjp4-need-new-york-city-attorney-renting.html,I need a new york city attorney I have been renting my ...,FALSE,,,
,https://www.justanswer.com/real-estate-law/1b11h-legal-co-op-board-directors-videotape.html,Is it legal for a co-op board of directors to videotape an ...,FALSE,,,
,https://www.justanswer.com/real-estate-law/1azkz-rented-apartment-didn-t-live.html,I rented an apartment but i didnt live there at that ...,FALSE,,,
,https://www.justanswer.com/real-estate-law/1aq1j-put-house.html,WHAT CAN I DO ABOUT BEING PUT OUT OF A HOUSE THAT I WAS ...,FALSE,,,
,https://www.justanswer.com/real-estate-law/19iem-own-house-ask-partner-12yrs-leave.html,"I own my house, can I ask my partner of 12yrs to leave",FALSE,,,
,https://www.justanswer.com/real-estate-law/18vni-new-york-law-does-signing-lease-summer.html,"Under New York law, does signing a lease for a summer ...",FALSE,,,
,https://www.justanswer.com/real-estate-law/18g8f-rent-downstairs-apartment-apt-townhouse.html,I rent the downstairs apartment in a 3 apt townhouse in ...,FALSE,,,
,https://www.justanswer.com/real-estate-law/17pwv-hey-folks-stabilized-apt-nyc-w-disabled.html,Hey Folks- I have a stabilized apt in NYC w/ my disabled ...,FALSE,,,
,https://www.justanswer.com/real-estate-law/15j2e-husband-married-years-owned-home.html,My husband have been married for 6 years. He owned the home ...,FALSE,,,
,https://www.justanswer.com/real-estate-law/158tn-currently-renting-room-ex-boyfriend-s.html,Currently I am renting a room at my ex-boyfriends ...,FALSE,,,
,https://www.justanswer.com/real-estate-law/157c6-18-yr-old-daughter-signed-apt-lease.html,My 18 yr old daughter signed an apt. lease with 5 other ...,FALSE,,,
,https://www.justanswer.com/real-estate-law/1557x-live-buffalo-ny-tenant-gave-verbal-notice.html,"Live in Buffalo, NY. My tenant gave me verbal notice ...",FALSE,,,
,https://www.justanswer.com/real-estate-law/14nir-currently-own-piece-property-upstate-ny.html,i currently own a piece of property in upstate NY with 4 ...,FALSE,,,
,https://www.justanswer.com/real-estate-law/12ohx-rented-townhouse-pomona-ny-month-lease.html,"I rented a Townhouse in Pomona, NY. It was a 6 month lease ...",FALSE,,,
,https://www.justanswer.com/real-estate-law-topics-new-york-law/questions.html?page=3,<< Prev,FALSE,,,
,https://www.justanswer.com/real-estate-law-topics-new-york-law/2023-03-questions.html,Mar,FALSE,,,
,https://www.justanswer.com/real-estate-law-topics-new-york-law/2023-05-questions.html,May,FALSE,,,
,https://www.justanswer.com/real-estate-law-topics-new-york-law/2023-06-questions.html,Jun,FALSE,,,
,https://www.justanswer.com/real-estate-law-topics-new-york-law/2023-10-questions.html,Oct,FALSE,,,
,https://www.justanswer.com/real-estate-law-topics-new-york-law/2022-04-questions.html,Apr,FALSE,,,
,https://www.justanswer.com/real-estate-law-topics-new-york-law/2021-01-questions.html,Jan,FALSE,,,
,https://www.justanswer.com/real-estate-law-topics-new-york-law/2021-02-questions.html,Feb,FALSE,,,
,https://www.justanswer.com/real-estate-law-topics-new-york-law/2021-04-questions.html,Apr,FALSE,,,
,https://www.justanswer.com/real-estate-law-topics-new-york-law/2021-05-questions.html,May,FALSE,,,
,https://www.justanswer.com/real-estate-law-topics-new-york-law/2021-07-questions.html,Jul,FALSE,,,
,https://www.justanswer.com/real-estate-law-topics-new-york-law/2021-10-questions.html,Oct,FALSE,,,
,https://www.justanswer.com/real-estate-law-topics-new-york-law/2021-11-questions.html,Nov,FALSE,,,
,https://www.justanswer.com/real-estate-law-topics-new-york-law/2020-07-questions.html,Jul,FALSE,,,
,https://www.justanswer.com/real-estate-law-topics-new-york-law/2020-08-questions.html,Aug,FALSE,,,
,https://www.justanswer.com/real-estate-law-topics-new-york-law/2020-09-questions.html,Sep,FALSE,,,
,https://www.justanswer.com/real-estate-law-topics-new-york-law/2020-11-questions.html,Nov,FALSE,,,
,https://www.justanswer.com/real-estate-law-topics-new-york-law/2020-12-questions.html,Dec,FALSE,,,
,https://www.justanswer.com/real-estate-law-topics-new-york-law/2019-03-questions.html,Mar,FALSE,,,
,https://www.justanswer.com/real-estate-law-topics-new-york-law/2019-04-questions.html,Apr,FALSE,,,
,https://www.justanswer.com/real-estate-law-topics-new-york-law/2019-05-questions.html,May,FALSE,,,
,https://www.justanswer.com/real-estate-law-topics-new-york-law/2019-07-questions.html,Jul,FALSE,,,
,https://www.justanswer.com/real-estate-law-topics-new-york-law/2018-01-questions.html,Jan,FALSE,,,
,https://www.justanswer.com/real-estate-law-topics-new-york-law/2018-04-questions.html,Apr,FALSE,,,
,https://www.justanswer.com/real-estate-law-topics-new-york-law/2018-05-questions.html,May,FALSE,,,
,https://www.justanswer.com/real-estate-law-topics-new-york-law/2018-07-questions.html,Jul,FALSE,,,
,https://www.justanswer.com/real-estate-law-topics-new-york-law/2018-09-questions.html,Sep,FALSE,,,
,https://www.justanswer.com/real-estate-law-topics-new-york-law/2018-10-questions.html,Oct,FALSE,,,
,https://www.justanswer.com/real-estate-law-topics-new-york-law/2018-11-questions.html,Nov,FALSE,,,
,https://www.justanswer.com/real-estate-law-topics-new-york-law/2018-12-questions.html,Dec,FALSE,,,
,https://www.justanswer.com/real-estate-law-topics-new-york-law/2017-02-questions.html,Feb,FALSE,,,
,https://www.justanswer.com/real-estate-law-topics-new-york-law/2017-03-questions.html,Mar,FALSE,,,
,https://www.justanswer.com/real-estate-law-topics-new-york-law/2017-04-questions.html,Apr,FALSE,,,
,https://www.justanswer.com/real-estate-law-topics-new-york-law/2017-10-questions.html,Oct,FALSE,,,
,https://www.justanswer.com/real-estate-law-topics-new-york-law/2017-11-questions.html,Nov,FALSE,,,
,https://www.justanswer.com/real-estate-law-topics-new-york-law/2017-12-questions.html,Dec,FALSE,,,
,https://www.justanswer.com/real-estate-law-topics-new-york-law/2016-01-questions.html,Jan,FALSE,,,
,https://www.justanswer.com/real-estate-law-topics-new-york-law/2016-03-questions.html,Mar,FALSE,,,
,https://www.justanswer.com/real-estate-law-topics-new-york-law/2016-04-questions.html,Apr,FALSE,,,
,https://www.justanswer.com/real-estate-law-topics-new-york-law/2016-05-questions.html,May,FALSE,,,
,https://www.justanswer.com/real-estate-law-topics-new-york-law/2016-06-questions.html,Jun,FALSE,,,
,https://www.justanswer.com/real-estate-law-topics-new-york-law/2016-07-questions.html,Jul,FALSE,,,
,https://www.justanswer.com/real-estate-law-topics-new-york-law/2016-08-questions.html,Aug,FALSE,,,
,https://www.justanswer.com/real-estate-law-topics-new-york-law/2016-09-questions.html,Sep,FALSE,,,
,https://www.justanswer.com/real-estate-law-topics-new-york-law/2016-10-questions.html,Oct,FALSE,,,
,https://www.justanswer.com/real-estate-law-topics-new-york-law/2015-01-questions.html,Jan,FALSE,,,
,https://www.justanswer.com/real-estate-law-topics-new-york-law/2015-02-questions.html,Feb,FALSE,,,
,https://www.justanswer.com/real-estate-law-topics-new-york-law/2015-03-questions.html,Mar,FALSE,,,
,https://www.justanswer.com/real-estate-law-topics-new-york-law/2015-04-questions.html,Apr,FALSE,,,
,https://www.justanswer.com/real-estate-law-topics-new-york-law/2015-05-questions.html,May,FALSE,,,
,https://www.justanswer.com/real-estate-law-topics-new-york-law/2015-06-questions.html,Jun,FALSE,,,
,https://www.justanswer.com/real-estate-law-topics-new-york-law/2015-07-questions.html,Jul,FALSE,,,
,https://www.justanswer.com/real-estate-law-topics-new-york-law/2015-08-questions.html,Aug,FALSE,,,
,https://www.justanswer.com/real-estate-law-topics-new-york-law/2015-12-questions.html,Dec,FALSE,,,
,https://www.justanswer.com/real-estate-law-topics-new-york-law/2014-01-questions.html,Jan,FALSE,,,
,https://www.justanswer.com/real-estate-law-topics-new-york-law/2014-03-questions.html,Mar,FALSE,,,
,https://www.justanswer.com/real-estate-law-topics-new-york-law/2014-10-questions.html,Oct,FALSE,,,
,https://www.justanswer.com/real-estate-law-topics-new-york-law/2014-11-questions.html,Nov,FALSE,,,
,https://www.justanswer.com/real-estate-law-topics-new-york-law/2014-12-questions.html,Dec,FALSE,,,
,https://www.justanswer.com/real-estate-law-topics-new-york-law/2013-03-questions.html,Mar,FALSE,,,
,https://www.justanswer.com/real-estate-law-topics-new-york-law/2013-07-questions.html,Jul,FALSE,,,
,https://www.justanswer.com/real-estate-law-topics-new-york-law/2013-09-questions.html,Sep,FALSE,,,
,https://www.justanswer.com/real-estate-law-topics-new-york-law/2013-10-questions.html,Oct,FALSE,,,
,https://www.justanswer.com/real-estate-law-topics-new-york-law/2012-01-questions.html,Jan,FALSE,,,
,https://www.justanswer.com/real-estate-law-topics-new-york-law/2012-02-questions.html,Feb,FALSE,,,
,https://www.justanswer.com/real-estate-law-topics-new-york-law/2012-03-questions.html,Mar,FALSE,,,
,https://www.justanswer.com/real-estate-law-topics-new-york-law/2012-05-questions.html,May,FALSE,,,
,https://www.justanswer.com/real-estate-law-topics-new-york-law/2012-09-questions.html,Sep,FALSE,,,
,https://www.justanswer.com/real-estate-law-topics-new-york-law/2012-10-questions.html,Oct,FALSE,,,
,https://www.justanswer.com/real-estate-law-topics-new-york-law/2011-01-questions.html,Jan,FALSE,,,
,https://www.justanswer.com/real-estate-law-topics-new-york-law/2011-02-questions.html,Feb,FALSE,,,
,https://www.justanswer.com/real-estate-law-topics-new-york-law/2011-03-questions.html,Mar,FALSE,,,
,https://www.justanswer.com/real-estate-law-topics-new-york-law/2011-07-questions.html,Jul,FALSE,,,
,https://www.justanswer.com/real-estate-law-topics-new-york-law/2011-10-questions.html,Oct,FALSE,,,
,https://www.justanswer.com/real-estate-law-topics-new-york-law/2011-11-questions.html,Nov,FALSE,,,
,https://www.justanswer.com/real-estate-law-topics-new-york-law/2010-01-questions.html,Jan,FALSE,,,
,https://www.justanswer.com/real-estate-law-topics-new-york-law/2010-02-questions.html,Feb,FALSE,,,
,https://www.justanswer.com/real-estate-law-topics-new-york-law/2010-03-questions.html,Mar,FALSE,,,
,https://www.justanswer.com/real-estate-law-topics-new-york-law/2010-04-questions.html,Apr,FALSE,,,
,https://www.justanswer.com/real-estate-law-topics-new-york-law/2010-05-questions.html,May,FALSE,,,
,https://www.justanswer.com/real-estate-law-topics-new-york-law/2010-06-questions.html,Jun,FALSE,,,
,https://www.justanswer.com/real-estate-law-topics-new-york-law/2010-07-questions.html,Jul,FALSE,,,
,https://www.justanswer.com/real-estate-law-topics-new-york-law/2010-08-questions.html,Aug,FALSE,,,
,https://www.justanswer.com/real-estate-law-topics-new-york-law/2010-09-questions.html,Sep,FALSE,,,
,https://www.justanswer.com/real-estate-law-topics-new-york-law/2010-10-questions.html,Oct,FALSE,,,
,https://www.justanswer.com/real-estate-law-topics-new-york-law/2010-12-questions.html,Dec,FALSE,,,
,https://www.justanswer.com/real-estate-law-topics-new-york-law/2009-02-questions.html,Feb,FALSE,,,
,https://www.justanswer.com/real-estate-law-topics-new-york-law/2009-03-questions.html,Mar,FALSE,,,
,https://www.justanswer.com/real-estate-law-topics-new-york-law/2009-04-questions.html,Apr,FALSE,,,
,https://www.justanswer.com/real-estate-law-topics-new-york-law/2009-05-questions.html,May,FALSE,,,
,https://www.justanswer.com/real-estate-law-topics-new-york-law/2009-06-questions.html,Jun,FALSE,,,
,https://www.justanswer.com/real-estate-law-topics-new-york-law/2009-07-questions.html,Jul,FALSE,,,
,https://www.justanswer.com/real-estate-law-topics-new-york-law/2009-08-questions.html,Aug,FALSE,,,
,https://www.justanswer.com/real-estate-law-topics-new-york-law/2009-09-questions.html,Sep,FALSE,,,
,https://www.justanswer.com/real-estate-law-topics-new-york-law/2009-10-questions.html,Oct,FALSE,,,
,https://www.justanswer.com/real-estate-law-topics-new-york-law/2009-11-questions.html,Nov,FALSE,,,
,https://www.justanswer.com/real-estate-law-topics-new-york-law/2009-12-questions.html,Dec,FALSE,,,
,https://www.justanswer.com/real-estate-law-topics-new-york-law/2008-02-questions.html,Feb,FALSE,,,
,https://www.justanswer.com/real-estate-law-topics-new-york-law/2008-03-questions.html,Mar,FALSE,,,
,https://www.justanswer.com/real-estate-law-topics-new-york-law/2008-04-questions.html,Apr,FALSE,,,
,https://www.justanswer.com/real-estate-law-topics-new-york-law/2008-05-questions.html,May,FALSE,,,
,https://www.justanswer.com/real-estate-law-topics-new-york-law/2008-06-questions.html,Jun,FALSE,,,
,https://www.justanswer.com/real-estate-law-topics-new-york-law/2008-07-questions.html,Jul,FALSE,,,
,https://www.justanswer.com/real-estate-law-topics-new-york-law/2008-08-questions.html,Aug,FALSE,,,
,https://www.justanswer.com/real-estate-law-topics-new-york-law/2008-09-questions.html,Sep,FALSE,,,
,https://www.justanswer.com/real-estate-law-topics-new-york-law/2008-10-questions.html,Oct,FALSE,,,
,https://www.justanswer.com/real-estate-law-topics-new-york-law/2008-11-questions.html,Nov,FALSE,,,
,https://www.justanswer.com/real-estate-law-topics-new-york-law/2008-12-questions.html,Dec,FALSE,,,
,https://www.bbb.org/greater-san-francisco/business-reviews/internet-services/justanswer-in-san-francisco-ca-82403,,TRUE,,,
,https://trustsealinfo.websecurity.norton.com/splash?form_file=fdf/splash.fdf&dn=secure.justanswer.com&lang=en,,TRUE,,,
,https://www.dmca.com/Protection/Status.aspx?ID=8cf5b398-29e6-4ecd-aef9-45f0ddd2d8c9,,TRUE,,,
,http://ww2.justanswer.com/help,Contact Us,TRUE,,,
,http://ww2.justanswer.com/terms-service-0,Terms of Service,TRUE,,,
,http://ww2.justanswer.com/privacy-security,Privacy & Security,TRUE,,,
,http://ww2.justanswer.com/about-justanswer,About Us,TRUE,,,
,https://www.justanswer.com/law/sitemap.html,Sitemap,FALSE,,,